id,nombre,categoria,fecha_creacion,tipo_transmision,vectores_ataque,IOC(Indicadores de compromiso),IF(impacto financiero),Perdida_datos,plataforma,region,autor,funcion,objetivo,uso_cpu,duracion,ruta,nivel
1,Mirai,Malware,23-11-2023,Infección en dispositivos IoT,Vulnerabilidades en dispositivos loT y Exploits conocidos,"trafico de red inusual, comandos y control, ejecucion de comandos y escaneo de puertos",Perdidas de ingresos y daño a la reputacion, No esta diseñado para robar datos,Linux,"China, Estados Unidos, Canadá, Alemania, India, Brasil, Rusia, Pakistán",Desconocido,Crear botnets,Crear una botnet que pueda ser controlada de manera remota y lanzar ataques DDoS,70-100%,Segundos a minutos,Internet (credenciales predeterminadas o débiles),3
2,Phishing,Phishing,02-01-1996,Correo electrónico,"Mensajes de texto, Redes sociales, anuncios en linea, mensajeria instantanea","Enlaces acotados o distinguidos, errores ortograficos o gramaticales, sentido de urgencia, solicitudes de informacion confidencial","Perdida directa de dinero, costos de recuperacion","Informacion personal, credenciales de inicio de sesion e informacion financiera",Todos los sistemas son vulnerables,Todas las regiones,Desconocido,Engaño y Fraude,Robo de información personal y financiera,0-10%,Inmediata,Servicios de mensajería,0
3,Man-in-the-Middle,Interceptacion,23-11-2023,Red,"Redes de Wi-Fi publicas, Proxy web, Ataques ARP, Ataques DNS","Cerificados SSL invalidos, Trafico de red inusual, cambios de contenido de las paginas web","Robo de credenciales, Interceptacion de comunicaciones, alteracion de datos e infeccion de dispositivo","Informacion personal, datos corporativos confidenciales, comunicaciones privadas",Cualquiera,Global,Desconocido,Intercepta y manipula la comunicacion entre dos partes,"Robar informacion confidecial, alterar datos",0-20%,Continua,Capa de red,3
4,Ataque de fuerza bruta,Autentificacion,24-11-2023,Red,"Contraseñas, claves de cifrado, otros tipos de credenciales","Intentos de inicio de sesion fallidos, consumo excesivo de recursos, bloqueo de cuentas","Perdida de acceso, Robo de identidad, Interrupcion de los servicios","Robo de datos personales, Borrado accidental de datos",Cualquiera con credenciales,Global,Desconocido,Intenta adivinar contraseñas probando todas las combinaciones,Obtener acceso no autorizado,70-100%,Variable,Protocolo de autentificacion,2
5,Escalada de privilegios,Explotacion,25-11-2023,Sistema Operativo,"Explotacion de vulnerabilidades, Configuracion incorrecta, Ataques de contraseñas, Ataques de inyeccion","Archivos o procesos inusuales, cambios en los registros del sistema, aumento de los privilegios de usuario, comportamiento anomalo de las aplicaciones","Perdida de control de sistema, robo de datos, daño de sistema, uso del sistema para lanzar otros ataques","Robo de informacion confidencial, Exfiltracion de datos, modificacion de datos, borrado accidental de datos",Cualquier sistema operativo,Global,Desconocido,Obtener acceso a niveles de permisos mas altos,Obtener control total del sistema,50-80%,Una vez obtenido el acceso,Vulnerabilidades del sistema,3
6,Rootkit,Malware,23-11-2023,SIstema operativo,"Explotacion de vulnerabilidades, medios extraibles infectados, redes, ingenieria social","archivos ocultos, procesos inusuales, cambios en el registro del sistema, rendimiento del sistema degradado, dificultad  para instalar software de seguridad","Costos de recuperacion, perdida de productividad, daños a la reputacion","Robo de datos confidenciales, borrado de datos, corrupcion de datos",Cualquier sistema operativo,"Rusia, Estados Unidos, China y Corea del Norte",Desconocido,Oculta presencia de malware en un sistema,Mantener el acceso persistente al sistema,10-20%,Continua,Nucleo del sistema operativo,4
7,Botnet,Malware,24-11-2023,Red,"Escaneo de puertos, fuerza bruta, exploits de dia cero, kits de explotacion","Aumento del trafico de red, conexiones a servidores de comando y control, ejecucion de comandos remotos","Costos de mitigacion, perdida de ingresos por interrupcion de servicios","Robo de datos confidenciales, borrado de datos, corrupcion de datos",Cualquier dispositivo conectado a intetnet,Global,Desconocido,Red de dispositivos infectados controlados de forma remota,"Realizar ataques DDoS, enviar spam",1-100%,Continua,Cualquier servicio en red,3
8,Cryptojacker,Malware,25-11-2023,Sistema operativo,"Explotacion de vulnerabilidaes, kits de explotacion, ingenieria social","Alto uso de la CPU, lentitud dwl del sistema, aumento de la temperatura del dipositivo, generacion de monedas virtuales","Aumento a los costos de energia, disminucion del rendimiento del sistema, perdida de productividad",No directamente,Cualquier sistema operativo,Global,Coinhive,Utiliza el poder de computo del dispositivo para minar criptomonedas,Obtener ganancias financieras usando datos privados,80-100%,Continua,Procesador del dispositivo,2
9,Ataque_CEO,Ingenieria social,03-12-2023,Correo electronico,"Correo electronico, telefono, plataforma de mensajeria","Solicitudes inusuales de transferencia de fondos, cambios en los proovedores, solicitudes de informacion confidencial",Perdidas financieras por transferencia fraudulentas,"Perdida de in formacion confiudencial, secretos comerciales",Cualquier correo electronico,Global,Cibercriminales sofisticados,Suplantar la identidad de un ejecutivo de alto rango para engañar a empleados y obtener informacion confidencial,Acceso no autorizado a sistemas o datos sensibles,10-20%,Variable,Correo electronico,4
10,Malware sin archivos,Malware,04-12-2023,Memoria,"Explotacion de vulnerabilidades, kits de explotacion, memorias usb infectadas","Cambios en el comportamiento del sistema, ejecucion, de procesos inusuales, dificultas para detectar malwarees","Cosots de recuperacion, perdida de productividad","Robo de datos confidenciales, borrado de datos, corrupcion de datos","Windows, linux",Global,Grupos de hackers avanzados,"Ejecuta codigos directamente en la memoria del sistema, sin dejar archivos en el disco",Evadir la deteccion de antivirus y comprometer sistemas,Variable,Vaariable,Memoria del sistema,3
11,Ataque de replay,Integridad,05-12-2023,Red,"Interceptacion de paquetes de red, ataques de repeticion","repeticion de transacciones, acceso no autorizado a cuentas, cambios en los datos transmitidos",Perdida finaciera por transacciones fraudulentas,Robo de datos confidenciales trasnmitidos por la red,Cualquier sistema operativo,Global,Hackers individuales,Repetir comunicaciones validas para engañar a los sistemas,Obtener acceso no autorizado,1-20%,Variable,Capa de red,3
12,Ataque de inyeccion de comandos,Ejecucion de comandos ,06-12-2023,Entrada de usuario,"Formularios web, entradas de usuario, comandos de shell ","Ejecucion de comandos no autorizados, cambios en la base de datos, errores inesperados en las aplicaciones","Perdida de datos, daños a la base de datos, costos de recuperacion, posibles multas regulatorias","Datos almacenados en la base de datos, informacion del sistema de credenciales de acceso",Cualquier sistema operativo,Global,Hackers con conocimientos tecnicos,Inyectar codigo malicioso en entradas de usuario para ejecutar comandos en el servidor,obtener acceso no autorizado,Variable,Variable,Entradas de ususario,3
13,Ataque de canal lateral,obtencion de informacion,07-12-2023,Hardware,"Monitoreo de la actividad del sistema, analisis de trafico de red","Fluctuaciones inusuales en el consumo de energia, emisiones electromagneticas anomalas, tiempos de ejecucion variables","Perdida de propiedad intelectual, costos de investigacion y desarollo de nuevos sistemas de proteccion","Claves de cifrado, secretos comerciales, cualquier informacion que pueda esxtraerse de los datos del canal",Cualquier sistema operativo,Global,Grupos de hackers avanzados,Extraer informacion confidencial a traves de la medicion de caracteristicas fisicas del sistema,obtener claves de cifrado,Variable,Continua,Hardware,4
14,Rootkit de arranque,Malware,05-12-2023,firmaware,"Firmaware, BIOS","Archivos ocultos, procesos ocultos, cambios en el MBR, modificaciones en controladores del dispositivo, dificultad para instalar un software de seguridad","Cosotos de recuperacion, perdida de productividad, posibles multas regulatorias","Toda la informacion almacenada en el sistema comprometido, incluyendo datos personales, financieros, registros del sistema y cualquier otro archivo",Sistema operativo,Global,Grupos de hackers avanzados,Infecta el firmaware del sistema para obtener persistencia y control total del dispositivo,Mantener el acceso a largo plazo y evitar la deteccion,1-30%,Permanente,Firmaware del sistema,4
15,Watering hole,Ingnieria social,08-12-2023,Web,Sitios web comprometidos,"Redireccionamientos a sitios web maliciosos, descargas de archivos inesperadas, cambios en el comportamiento del navegador","Perdida de propiedad intelectual, costos de recuperacion","Credenciales de inicio de sesion, cookies de sesion, informacion personal, datos corporativos",Cualquier sistema operativo,Global,Grupos de hackers avanzados,Infectar sistios web legitimos para comprometer visitantes,infectar dispositivos  de ususarios objetivo,1-30%,Variable,Sitios web comprometidos,3
16,Ataque de supply chain,Compromiso de terceros,09-12-2023,"Software, Hardware",Cadena de suministros de hardware y software,"Software con puertas traseras, componentes de hardware comporometidos, cambios en el comportamiento del sistema","Perdidas financieras significativas, costos legales","Propiedad intelectal, datos de clientes, informacion confidencial de la empresa",Cualquier sistema operativo,Global,Grupos de hackers patrocinados,Comprometer el software o el hardware del proveedor para infectar a sus clientes,Distribuir malware a gran escala,Variable,Prolongada,Cadena de suministros de software,4
17,Ataque de sim swapping,Suplantacion de identidad,10-12-2023,Redes moviles,Proveedores de servicios moviles,"Perdida de acceso al numero de telefono, transacciones fraudulentas, llamadas no reconocidas","Perdida financiera por transacciones fraudulentas, costos de recuperacion de cuentas","Acceso a cuentas de correo electronico, redes sociales, banca en linea, y cualquier otra cuenta",Dispositivos moviles,Global,cibercriminales individuales o grupos,Transferir el numero de telefono de una victima a un dispositivo  controlado por el atacante,obemer acceso a cuentas en linea y cometer fraude,1-25%,Variable,Proveedor de servicios moviles,3
18,Ransoware de doble extorsion,Ransomware,06-12-2023,Red,"Red, archivos locales","Cifrado de archivos, mensajes de rescate, publicacion de datos robados","Costos de rescate, perdidas de datos, costos legales","Todos los datos cifrados, ademas de datos adicionales que pueden ser filtrados publicamente sino se paga el rescate",Cualquier sistema operativo,Global,"Grupos de ransomware como LockBit, REvil",Cifra los archivos de la victuma y amenaza con publicarlos si no se paga el rescate,"Obtener ganancias financieras, dañar la reputacion de la victima",80-100%,Variable,Red de archivos locales,4
19,Adware,Malware,11-12-2023,Software y sitios web,"Anuncios en linea, descarga de software, paquetes de software","Publicidad no deseada, disminucion del rendimiento del sistema, redireccionamientos a sistios web maliciosos","Perdida de productividad, costos de eliminacion","No causa una perdida directa de datos, pero puede recopilar in formacion sobre los habitos de navegacion del ususario y venderla a terceros",Cualquier sistema operativo,Global,"Creadores de malware, redes publicitarias ilegales",Mostrar anuncios no solicitados en el dispositivo del usuario,Generar ingresos a traves de clics en anuncios,1-15%,Continua,Navegador web y aplicaciones,1
20,Chipgate,Compromisos de terceros,18-12-2023,Hardware,Hardware comprometido,"Comportamiento inusual del dispositivo, rendimiento degradado, deteccion de componentes no autorizados","Costos de reemplazo de harware, perdida de confianza con los proveedores, espionaje industrial","Cualquier dato almacenado en el dispositivo comprometido, incluyendo informacion personal, corporativa y gubernamental",Cualquier sistema operativo,Global,Estados-nacion y grupos de hackers avanzados,Inyectar puertas traseras en chips durante el proceso de fabricacion,"espionaje industrial, sabotaje y control a largo plazo de sistemas criticos",1-100%,Persistente,Cadena de suministros de hardware,4
21,Ransomware industrial,Extorsion,20-12-2023,Redes industriales y redes SCADA,Sistemas de control industrial(SCADA),"Disrupcion en los procesos industriales, cambios en los registros de eventos, cifrado de archivos en sistemas industriales, Presencia de malware en dispositivos industriales","Disrupcion de procesos industriales, parada de produccion, daños a los equipos","Datos de produccion, registros de mantenimiento, planos de diseño de informacion confidencial de la empresa","Sistemas de control insdutrial(SCADA), ICS",Global,Grupos de ransomware especializados,Cifrar datos de un sistema industrial y exigir un rescate para restaurar el acceso,"Causar interrupciones en servicios esenciales(energia, agua, transporte)",75-100%,Variable,Redes industriales,4
22,Deepfake,Ingenieria social,21-12-2023,Redes sociales,"Redes sociales, plataformas de video, sitios web","Incoherencia en los movimientos faciales, problemas de iluminacion, falta de sincronizacion entre audio y video","Videos o audios falsos, difamacion, manipulacion de la opinion publica","Reputacion de individuos y organizaciones, confianza en la informacion, resultado de elecciones, seguridad nacional","Redes sociales, aplicaciones de mensajeria",Global,"Individuos, grupos, estados-nacion","Crear contenido falso, como videos o audios, para engañar a las personas","Difundir desinformacion, manipula la opinion publica, cometer fraude",70-100%,Variable,"Redes sociales, aplicaciones de mensajeria",3
23,Watering hole para la industria farmaceutica,ingenieria social,22-12-2023,Paginas web de la insutria farmaceutica,Sitios web de la industria farmaceutica,"Infecciones dirigidas a investigadores, robos de propiedad intelectual","Perdida de propiedad intelectual, ventajas competitivas","Formulas farmaceuticas, datos de investigacion, informacion de pacientes, secretos comerciales",Sitios web de la industria,Global,Grupos de espionaje insutrial ,Infectar sitios web utilizados por la industria farmaceutica para robar propiedad intelectual,"Robo de secretos comerciales, ventaja competitiva",10-20%,Variable,Sitios web de la industria farmaceutica,4
24,Waterfox,Malware,25-12-2023,"Descarga, explotacion","Explotacion de vulnerabilidades en navegadores, ingenieria social","Procesos inusuales, consumo excesivo de recursos, redireccionamientos","Perdida de productividad, robo de datos",Perdida de productividad,"Windows, MacOs",Global,Grupos de cibercriminales,Secuestro del navegador,robo de credenciales,50-100%,Alto,Navegador,4
25,Evil Twin,Ataque de red,26-12-2023,Wi-Fi,Creaciones de redes Wi-Fi falsas,"Interceptacion de trafico, autenticacion en redes falsas","Robo de credenciales, ataques de pishing",Robo de credenciales,Todos los sistemas operativos,Global,Hackers individuales,Robo de datos,ataques de MITM,1-15%,Continuo,Capa de enlace de datos,3
26,Keylogger,Spyware,27-12-2023,Software,Registro de pulsaciones de teclas,"Desempeño lento del sistema, procesos desconocidos",Robo de informacion personal,Robo de contraseñas,Cualquier sistema operativo,Global,Cibercriminales individuales,Acceso al software,Robo de credenciales,1-20%,Continuo,"Kernel, controladores de teclado",3
27,ataque de sim swapping con criptomoneda,Suplatacion de identidad,04-01-2024,Redes moviles,"Ingenieria social, corrupcion de empleados de operadores moviles",Perdida de acceso a numero de telefono,"transacciones fraudulentas, perdida financiera",robo de identidad,Cualquier sistema operativo,Global,cibercriminales especializado,Acceso de cuentas,Robo de criptomoneda,1-25%,Temporal,Redes moviles,4
28,Ataque de supply chain de firmaware,Compromiso de terceros,03-01-2023,Hardware,Compromiso de la cadena de suministros de hardware,"Comportamiento anormal del dispositivo, dificultad para detectar y eliminar el malware","Perdida de control de dispositivos, espionaje industrial","Dispositivos loT, servidores",Cualquier sistema operativo,Global,Estados-nacion,infeccion del proveedor,Control a largo plazo de dispositivos,1-100%,Permanente,Firmaware,5
29,Waterholing,Ingenieria social,05-01-2024,Web,"Explotacion de vulnerabilidades en sistios web financieros, pishing","Redireccionamientos a sitios falsos, descargas de malwares","Perdida financiera, daño a la reputacion","Credenciales de acceso, informacion financiera",Cualquier sistema operativo,Global,Grupos de cibercriminales organizados,Robo de credencial,fraude financiero,1-20%,Continua,Sitios web,4
30,Ataque de dia cero,Explotacion,06-01-2024,Software,Vulnerabilidades desconocidas,"Comportamiento anormal del software, fallas del sistema",Interrupcion del servicio,Datos de servicios,Cualquier sistema operativo,Global,Hackers avanzados,Obtener acceso no autorizado,causar daño,1-100%,Temporal,Software vulnerable,5
31,Ransomware de doble extorsion con fuga de datos,Ransomware,07-01-2024,Red,"Cifrado de archivos, filtracion de datos","Mensajes de rescate, publicacion de datos robados en la dark web","Pago de rescate, daños y perjuicios y multas regulatorias","Todos los datos cifrados, datos publicados en la dark web",Cualquier sistema operativo,Global,Grupos de ransomware organizados,Obtener rescate,causar daño,80-100%,Continua,"Archivos del sistema, servidores de archivos",5
32,Ataque de cache poisoning,Envenamiento de cache,12-01-2024,DNS,Modificacion de registros DNS,Redireccionamientos a sitios maliciosos,"Perdida de datos, daño a la reputacion",cache,Servidores DNS,Global,Hackers con conocimientos de redes,Credenciales de acceso,"Robo de credenciales, pishing",1-20%,Continua,Servidores DNS,3
33,Ataque de pass-the-hash,Escalada de privilegios,13-01-2024,Redes corporativas,"Robo de hashes de contraseñas, utilizacion de herramientas de cracking",Acceso a cuentas con privilegios elevados,"Perdida de control de sistemas, robo de datos",Identidad virtual,Dominios Active Directory,Empresas,Hackers con conocimientos de Active Directory,suplantacion de identidad,Obtener acceso a sistemas con mayores privilegios,1-10%,Variable,Dominios Active Directory,4
34,Ataque de zerologon,Explotacion de vulnerabilidades,14-01-2024,Protocolo SMB,Explotacion de vulnerabilidades CVE-2020-1472,Acceso no autenticado a sistemas Windows,"Robo de datos, control remoto de sistemas",Informacion personal,Windows,Global,Grupos de hackers avanzados,Credenciales de administrador de dominios Active Directory,Obtener acceso a dominios Active Directory,1-20%,Permanente,Protocolo SMB,5
35,Ataque de replay de credenciales,Interceptacion,10-01-2024,Red,"Interceptacion de trafico, almacenamiento de credenciales","Repeticiones de sesiones, acceso no autorizado","Perdida financiera, daño a la reputacion","control de cuenta, informacion personal",Cualquier sistema operativo,Global,Hackers individuales,Credenciales de acceso,Obtener acceso no autorizado,1-15%,Variable,Capa de red,3
36,Ataque de inyeccion de SQL ciega,Inyeccion,11-01-2024,Aplicaciones Web,Analisis de la respuesta del servidor,"Robo de datos, modificacion de datos",N/A,Todo tipo de documentos,InterWeb,Global,Hackers con conocimientos tecnicos,Ejecuccion de comandos de manera remota,Obtener acceso a la base de datos,1-100%,Variable,Base de datos,4
37,Ataque de sim swapping con criptomoneda(variable),Suplantacion de identidad,18-01-2024,Redes moviles,"Ingenieria social, sim swapping, pishing","Perdida de acceso al numero de telefono, transacciones fraudulentas","Perdida financiera, robo de identidad",Control de usuario en servicio de llamada y mensajeria,Culaquier sistema operativo,Global,Cibercriminales especializados,Acceso a cuentas en linea,Robo de criptomonedas,10-20%,Temporal,"Redes moviles, aplicaciones de mensajeria",4
38,Ransomware como servicio(RaaS),Ransomware,02-02-2024,Varias,Afiliacion a redes de ransomware,"Cifrado de archivos, mensajes de rescate","Perdida financiera, dañoa la reputacion",Todos los datos cifrados,Cualquier sistem operativo,Global,Grupos cibercriminales,Cifrar archivos,Extorsionar a las victimas,1-100%,Permanente,Depende del vector de ataque,4
39,Ataque de contenedores,Explotacion,05-02-2024,"Red, contenedores","Explotacion de vulnerabilidades en contenedores, configuracion correcta","Procesos inusuales en contenedores, aumento en los uso de recursos",Perdida de datos interrupcion de servicios,Datos confidenciales almacenados en contenedores,Cualquier sistema operativo,Global,Grupos de hackers,Obtener acceso no autorizado a contenedores,Ejecutar codigo malicioso,1-100%,Temporal,"Docke, Kubernetes",4
40,Ataque de watering hole dirigido a la industria energetica,Ingenieria social,09-02-2024,Web,Explotacion de vulnerabilidades en sitios web de la industria energetica,"Redireccionamiento a sitios maliciosos, descargas de malwares","Perdida de propiedad intelectual, daños a reputacion, interrupcion de servicios","Datos confidenciales de la industria energetica, planos de infraestructura",Cualquier sistema operativo,Global,Grupos de espionaje industrial,Robo de propiedad intelectual,sabotaje,1-20%,Continua,Sitios web comprometidos,4
41,Ataque de pishing de CEO dirigido a proveedores,Ingenieria social,07-02-2024,Correo electronico,"Suplantacion de identidad de ejecutivos, solicitudes de pago falsas","Transferencias bancarias no autorizadas, cambios en los proveedores",Perdida financieras significativas,"informacion financiera, datos de proveedores",Cualquier sistema operativo,Global,Cibercriminales,Interrupcion de la cadena de suministros,Robo de fondos,5-20%,Una vez,Correo electronico,4
42,Ataque de side-channel a servicios en la nube,Obtencion de informacion,11-02-2024,Nube,"Monitoreo de patrones de trafico, analisis de tiempos de respuesta","Filtracion de informacion sensible, descifrado de claves","Perdida de datos confidenciales, violacion a la privacidad",Informacion personal y sensible,"Servicios de la nube(AWS, Azure, GCP)",Global,Investigadores cibercriminales avanzados,Decodificacion de claves,Obtener informacion confidencial,1-100%,Continua,"Trafico de red, tiempos de respuesta",5
43,Ataque de pishing especifico para la nube,Ingenieria social,13-02-2024,"Correo electronico, aplicaciones de colaboracion","Suplantacion de identidad, enlaces maliciosos","Credenciales robadas, acceso no autorizado a cuentas de la nube","Perdida de datos, daño a la reputacion",Informacion privada,"Plataformas de la nube(Office 365, G Suite)",Global,cibercriminales,Falsificacion y suplantar identidad,Obtener acceso a cuentas de la nube,1-10%,Continua,"Correo electronico, aplicaciones de colaboracion",3
44,Ataque de inyecccion de SQL en base de datos de la nube,Inyeccion,14-02-2024,Aplicaciones web,Explotacoin de vulnerabilidades en aplicaciones web,"Modificacion de datos de la base de datos, ejecucion de comandos arbitrarios","Perdida de datos, daño la base de datos",Claves y codigos,"Base de datos de la nube(AWS RDS, Azure SQL)",Global,Hackers con conocimientos tecnicos,Obtener acceso a la base de datos,modificar o eliminar datos,1-100%,Temporal,Base de datos de la nube,4
45,Ataque de inyeccion de comando en funciones de Lambda,Inyeccion,15-02-2024,HTTP,"Explotacion de vulnerabilidades en funciones Lambda, Inyeccion de comandos no autorizados","Ejecucion de comandos no autorizados, cambios en la configuracion de la funcion","Perdida de datos, secuestro de la funcion",Perdida del control en funcion,AWS Lambda,Global,Hackers con conocimientos tecnicos,Obtener acceso a recursos  del sistema subadyacente,Ejecutar comandos Lambda,1-100%,Temporal,Entorno de ejecucion de Lambda,4
46,Ataque de denegacion de servidores a funcion Serverless,Denegacion de servicio,16-02-2024,HTTP,"Envio de un gran numero de solicitudes, explotacion de vulnerabilidades","Aumento de trafico, latencia elevada, errores 502/503","Perdida de ingresos, daño a la reputacion",No hay perdida directa de datos,"Plataformas serverless(AWS Lambda, Azure Functions)",Global,"Grupos de Hackers, competidores",Sobrecargar el servidor,Interrupcion del servicio,50-100%,Mientras dure el ataque,Capa de aplicacion,3
47,Ataque de exfiltracion de datos a traves de funciones Serveless,Exfiltracion de datos,17-02-2024,HTTP,"Explotacion de vulnerabilidades en funciones serverless, configuracion incorrecta de permisos","Trasnferencia de datos a servidores externos, aumento del trafico de salida","Perdida de datos confidenciales, daños a la reputacion",Datos confidenciales,"Plataformas serveless(AWS Lambda, Azure Functions)",Global,Cibercriminales,Ingreso Ilegal, Robo de datos,1-100%,Continua o Intermitente,"Red, almacenamiento interno",4
48,Ataque de side-channel a funciones Serverless,Obtencion de informacion,18-02-2024,Nube,"Monitoreo de patrones de ejecucion de funciones, analisis de tiempos de respuesta","Filtracion de informacion sensible, descifrado de claves",Daño a la reputacion,"Perdida de datos confidenciales, violacion a la privacidad","Plataformas serverless(AWS Lambda, Azure Functions)",Global,"Investigadores, cibercriminales avanzados",Ejecuion de comandos de forma remota,obtener informacion sensible,1-100%,Continua,Entorno de ejecucion de funciones,4
49,Ataque de inyeccion de dependencia en funciones Serverless,Inyeccion,19-02-2024,HTTP,Explotacion de vulnerabilidades en bibliotecas y frameworks utilizados por las funciones,"Ejecucion de codigo arbitrario, acceso a recursos del sistema",Secuestro de la funcion,Perdida de datos sobre la funcion,"Pltaformas serverless(AWS Lambda, Azure Functions)",Global,Hckers con conocimientos tecnicos,Acceder a la interfaz de una funcion,Obtener acceso a recursos del sistema subadyacente,1-100%,Temporal,Entorno de ejecucion de funciones,4
50,Ataque de demegacion de servicio a base de datos,Denegacion de servicio,22-02-2024,Bases de datos,"Envio de gran numero de consultas, explotacion de vulnerabilidades","Disminucion del rendimiento de la base de datos, indisponibilidad  del servicio","Perdida de ingresos, daño la reputacion","Perdida del soporte en la base de datos, no hay perdida directa de datos",Culaquier sistema operativo,Global,"Hackers, competidores",Saturar el sistema de la base de datos,Interrupcion del servicio,80-100%,Mientras dure el ataque,Base de datos,3
51,NetWalker,Ransomware,01-01-2019,Descarga,"Pishing, explotar vilnerabilidades","Procesos sospechosos en ejecucion, conexion de red a servidores desconocidos, claves de registro modificadas, mensajes de rescate en el escritorio",Perdidas millonarias para empresas y organizadores,"Encriptado de archivos, posible perdida de datos si no se paga el rescate",Windows,Global,Grupo de hackers NetWalker,Encriptar archivos y exigir un rescate para su recuperacion,obtener ganancias financieras,80-100%,Continua,Red,4
52,REvil(Sodinokibi),Ransmoware,01-01-2019,Descarga,"Pishing, explotacion de vulnerabilidades, ataque de fuerza bruta",Archivos encriptados con extensiones especificas(ej.revil),Perdidas millonarias para empresas y organizaciones,"Encriptacion de archivos, posible perdida de datos si no se paga rescate","Windows, Linux",Global,Grupo de hackers REvil,Encriptar archivos y exigir un rescate para su recuperacion,Obtener ganancias financieras,80-100%,Continua,Red,4
53,Maze,Ransomware,01-01-2019,Descarga,"Pishing, Explotar vulnerabilidades","Procesos sospechoso en ejecucion, claves de registro modificadas, mensajes de rescate en el escritorio o en el archivo de texto",Perdidas millonarias para empresas y organizaciones,"Emcriptacion de datos, posible perdida de datos si no se pagan el rescate",Windows,Global,Grupo de hackers Maze,"Encriptar archivos y exigir un rescate para su recuperacion, y amenazar con publicar datos si no se paga el rescate",obtener ganancias financieras y dañar la reputacion de la victima,80-100%,Continua,Red,4
54,WannaCry,Ransomware,01-01-2017,Gusano,Explotacion de vilnerabilidades EternalBlue en Windows,"Archivos encriptados con la extension .wcry, Procesos sospechosos","Millones de dolares en perdidas, interrupcion de servicios","Encriptacion de archivos, posible perdida si no se paga el rescate",Windows,Global,Shadow Brokers(Se cree robado a la nasa),Encriptar archivos y exigir un rescate para su recuperacion,obtener ganancias financieras,80-100%,Continua o intermitente,Redes locales y a traves de internet,4
55,Emotet,Troyano bancario,01-01-2014,"Correo electronico, archivos adjuntos maliciosos",Correos electronicos con archivos adjuntos maliciosos,"Comportamiento inusual del sistema, Procesos sospechosos, Trafico de red inusual, Robo de credenciales bancarias",Robo de fondos de cuentas bancarias,"Robo de credenciales, posible acceso a informacion personal",Windows,Global,Grupos de Hackers Emotet,Robar credenciales bancarias y otra informacion sensible,ontener ganacias finacieras,1-100%,Intermitente,Correo electronico y redes,4
56,Exploir de dia cero generico,Explotacion de vulnerabilidades,01-01-2024,Todas,Aprovechamiento de vulnerabilidades desconocidas,"Comportamiento inusual del sistema, fallos inesperados, actividad sospechosa en la red",Variable,Potencial robo o modificacion de datos,Cualquier sistema operativo,Global,Investigadores o atacantes,Aprovechar una vulnerabilidad desconocida para tomar control de un sistema o ejecutar codigo malicioso,"Robar datos, dañar sistemas, obtener acceso no autorizado",1-100%,Temporal,Todas,4
57,Spyware,Software espia,01-01-1990,Instalacion directa,"Ingenieria social, descargas de software malicioso","lentitud del sistema, presencia de software desconocido, comportamiento inusual del sistema","Robo de informacion personal, financiera, etc",Robo de informacion sensible,Cualquier sistema operativo,Global,Variados,Esoiar la actividad del usuario,"Robar informacion personal, financiera o de navegacion",1-10%,Continua,Varia,3
58,Soofing,"Ingenieria social, suplantacion de identidad",01-01-1990,Manipulacoin de informacion de identificacion,"Correo electronicos, sitios web falsos, llamdas telefonicas, sms","solicitud de informacion inusuales, comunicacion inesperada, informacion de contacto sospechosa","Robo de informacion, acceso no autorizado, perdidas economicas","Robo de informacion personal, financiera o confidencial",Cualquier sistema operativo,Global,Variados,Hacerse pasar por otra persona o entidad,"Obtener informacion, acceso o realizar acciones fraudulentas",1-10%,Variable,Variable,3
59,DDos Amplificado,Ataque de denegacion de servicio,01-01-2012,Explotacion de sistios vulnerables,"Servidores DNS, Servidores NTP, otros servicios con capacidad de respuesta amplificada","Lentitud o inaccesibilidad de servicios en linea, trafico de red inusualmente alto, Multiples solicitudes desde direcciones IP sospechosas","Perdidas por interrupcion de servicios, daño a la reputacion",No hay perdida de datos directamente,Servicios en linea,Global,Variados,inundar un objetivo con trafico malicioso amplificado,"Interrumpir el servicio, dañar la reputacion, extorsionar",80-100%,Horas a dias,Internet,4
60,ToxicPanda,Troyano bancario para Android,01-01-2024,Se disfraza de aplicacines legitimas de Android,"Distribuviona traves de tiendas de aplicaciones de terceros, Ingenieria social para engañar a los usuarios","Aplicaciones de banca o Google Chrome con comportamiento inusual, Transacciones bancarias no autorizadas, Solicitudes de permisos inusuales por parte de aplicaciones",Robo de fondos de cuentas bancarias,Robo de credenciales bancarias,Android,China y se esta propagando al Globo,Desconocido,Evadir la seguridad bancaria tradicional y realizar retiros no autorizados,Robar fondos directamente de las cuentas bancarias de los usuarios,1-100%,Temporal,Descargas,4
